Observation unit ID	Date	TubN_total_per_plant	TubW_total_per_plant	TubN_average_per_genotype	TubW_average_per_genotype
WUR:CE-NL99-WUR:CE011-1	1999-11-14	61	561.56		
WUR:CE-NL99-WUR:CE011-2	1999-11-14	46	1212.63		
WUR:CE-NL99-WUR:CE016-1	1999-11-14	49	2637.74		
WUR:CE-NL99-WUR:CE016-2	1999-11-14	21	608.92		
WUR:CE-NL99-WUR:CE017-1	1999-11-14	25	395.9		
WUR:CE-NL99-WUR:CE017-2	1999-11-14	11	320.23		
WUR:CE-NL99-WUR:CE018-1	1999-11-14	22	179.86		
WUR:CE-NL99-WUR:CE018-2	1999-11-14	24	313.01		
WUR:CE-NL99-WUR:CE024-1	1999-11-14	72	1151.78		
WUR:CE-NL99-WUR:CE024-2	1999-11-14	57	856.11		
WUR:CE-NL99-WUR:CE027-1	1999-11-14	59	1513.41		
WUR:CE-NL99-WUR:CE027-2	1999-11-14	46	1008		
WUR:CE-NL99-WUR:CE032-1	1999-11-14	89	1639		
WUR:CE-NL99-WUR:CE032-2	1999-11-14	32	777.9		
WUR:CE-NL99-WUR:CE047-1	1999-11-14	36	1070.4		
WUR:CE-NL99-WUR:CE047-2	1999-11-14	20	344.25		
WUR:CE-NL99-WUR:CE051-1	1999-11-14	47	538.23		
WUR:CE-NL99-WUR:CE051-2	1999-11-14	14	310.12		
WUR:CE-NL99-WUR:CE066-1	1999-11-14	37	515.41		
WUR:CE-NL99-WUR:CE066-2	1999-11-14	51	982.33		
WUR:CE-NL99-WUR:CE067-1	1999-11-14	54	1026.24		
WUR:CE-NL99-WUR:CE067-2	1999-11-14	78	886.31		
WUR:CE-NL99-WUR:CE069-1	1999-11-14	34	521.69		
WUR:CE-NL99-WUR:CE069-2	1999-11-14	13	323.15		
WUR:CE-NL99-WUR:CE070-1	1999-11-14	61	1178.79		
WUR:CE-NL99-WUR:CE070-2	1999-11-14	142	1564.49		
WUR:CE-NL99-WUR:CE072-1	1999-11-14	36	1720.92		
WUR:CE-NL99-WUR:CE072-2	1999-11-14	17	291.4		
WUR:CE-NL99-WUR:CE077-1	1999-11-14	42	252.36		
WUR:CE-NL99-WUR:CE077-2	1999-11-14	41	703.77		
WUR:CE-NL99-WUR:CE078-1	1999-11-14	72	1778.99		
WUR:CE-NL99-WUR:CE078-2	1999-11-14	91	1238.98		
WUR:CE-NL99-WUR:CE082-1	1999-11-14	38	1275.15		
WUR:CE-NL99-WUR:CE082-2	1999-11-14	73	2985.98		
WUR:CE-NL99-WUR:CE084-1	1999-11-14	46	3602.98		
WUR:CE-NL99-WUR:CE084-2	1999-11-14				
WUR:CE-NL99-WUR:CE100-1	1999-11-14	77	719.61		
WUR:CE-NL99-WUR:CE100-2	1999-11-14	63	546.23		
WUR:CE-NL99-WUR:CE102-1	1999-11-14	28	471.1		
WUR:CE-NL99-WUR:CE102-2	1999-11-14	31	1197.9		
WUR:CE-NL99-WUR:CE105-1	1999-11-14	18	304.2		
WUR:CE-NL99-WUR:CE105-2	1999-11-14	84	1990.4		
WUR:CE-NL99-WUR:CE110-1	1999-11-14	25	422.48		
WUR:CE-NL99-WUR:CE110-2	1999-11-14	71	590		
WUR:CE-NL99-WUR:CE111-1	1999-11-14	23	572.76		
WUR:CE-NL99-WUR:CE111-2	1999-11-14	21	678.24		
WUR:CE-NL99-WUR:CE115-1	1999-11-14	24	155.55		
WUR:CE-NL99-WUR:CE115-2	1999-11-14	20	93.69		
WUR:CE-NL99-WUR:CE116-1	1999-11-14	113	2118.74		
WUR:CE-NL99-WUR:CE116-2	1999-11-14	78	1860.31		
WUR:CE-NL99-WUR:CE127-1	1999-11-14	76	1068.85		
WUR:CE-NL99-WUR:CE127-2	1999-11-14	54	396.61		
WUR:CE-NL99-WUR:CE141-1	1999-11-14	53	2067.86		
WUR:CE-NL99-WUR:CE141-2	1999-11-14	58	2345.4		
WUR:CE-NL99-WUR:CE145-1	1999-11-14	46	1624.8		
WUR:CE-NL99-WUR:CE145-2	1999-11-14	38	1107.8		
WUR:CE-NL99-WUR:CE155-1	1999-11-14	27	931.8		
WUR:CE-NL99-WUR:CE155-2	1999-11-14	60	1103.6		
WUR:CE-NL99-WUR:CE159-1	1999-11-14	111	1607		
WUR:CE-NL99-WUR:CE159-2	1999-11-14	79	1471.5		
WUR:CE-NL99-WUR:CE164-1	1999-11-14	41	1422.12		
WUR:CE-NL99-WUR:CE164-2	1999-11-14	43	2380.04		
WUR:CE-NL99-WUR:CE165-1	1999-11-14	23	441.15		
WUR:CE-NL99-WUR:CE165-2	1999-11-14	19	419.49		
WUR:CE-NL99-WUR:CE166-1	1999-11-14	43	1087.74		
WUR:CE-NL99-WUR:CE166-2	1999-11-14	34	993.15		
WUR:CE-NL99-WUR:CE168-1	1999-11-14	185	2917.74		
WUR:CE-NL99-WUR:CE168-2	1999-11-14	27	1492		
WUR:CE-NL99-WUR:CE171-1	1999-11-14	41	1231.2		
WUR:CE-NL99-WUR:CE171-2	1999-11-14	77	1925.75		
WUR:CE-NL99-WUR:CE175-1	1999-11-14	56	1446.08		
WUR:CE-NL99-WUR:CE175-2	1999-11-14	27	934.57		
WUR:CE-NL99-WUR:CE195-1	1999-11-14	23	275.05		
WUR:CE-NL99-WUR:CE195-2	1999-11-14	18	266.29		
WUR:CE-NL99-WUR:CE196-1	1999-11-14	42	1386.9		
WUR:CE-NL99-WUR:CE196-2	1999-11-14	25	975.7		
WUR:CE-NL99-WUR:CE200-1	1999-11-14	21	236.8		
WUR:CE-NL99-WUR:CE200-2	1999-11-14	23	382.9		
WUR:CE-NL99-WUR:CE202-1	1999-11-14	43	1573.45		
WUR:CE-NL99-WUR:CE202-2	1999-11-14	44	1085.76		
WUR:CE-NL99-WUR:CE207-1	1999-11-14	44	484.8		
WUR:CE-NL99-WUR:CE207-2	1999-11-14	126	1986.45		
WUR:CE-NL99-WUR:CE210-1	1999-11-14	11	136.39		
WUR:CE-NL99-WUR:CE210-2	1999-11-14	114	1452.6		
WUR:CE-NL99-WUR:CE214-1	1999-11-14	57	1337.04		
WUR:CE-NL99-WUR:CE214-2	1999-11-14	48	1336.82		
WUR:CE-NL99-WUR:CE222-1	1999-11-14	71	2149.32		
WUR:CE-NL99-WUR:CE222-2	1999-11-14	32	1348.66		
WUR:CE-NL99-WUR:CE229-1	1999-11-14	37	726.46		
WUR:CE-NL99-WUR:CE229-2	1999-11-14	60	1253.28		
WUR:CE-NL99-WUR:CE232-1	1999-11-14	53	1811.6		
WUR:CE-NL99-WUR:CE232-2	1999-11-14	47	1319.54		
WUR:CE-NL99-WUR:CE233-1	1999-11-14	63	777.1		
WUR:CE-NL99-WUR:CE233-2	1999-11-14	67	982.6		
WUR:CE-NL99-WUR:CE237-1	1999-11-14	71	2925.63		
WUR:CE-NL99-WUR:CE237-2	1999-11-14	50	2485.76		
WUR:CE-NL99-WUR:CE250-1	1999-11-14	50	1849.45		
WUR:CE-NL99-WUR:CE250-2	1999-11-14	23	2284.86		
WUR:CE-NL99-WUR:CE262-1	1999-11-14	52	2121.4		
WUR:CE-NL99-WUR:CE262-2	1999-11-14	67	3006.7		
WUR:CE-NL99-WUR:CE268-1	1999-11-14	44	2075.55		
WUR:CE-NL99-WUR:CE268-2	1999-11-14	43	952.85		
WUR:CE-NL99-WUR:CE276-1	1999-11-14	36	1409.3		
WUR:CE-NL99-WUR:CE276-2	1999-11-14	22	486.25		
WUR:CE-NL99-WUR:CE277-1	1999-11-14	49	434.6		
WUR:CE-NL99-WUR:CE277-2	1999-11-14	45	887.6		
WUR:CE-NL99-WUR:CE292-1	1999-11-14	75	2531.16		
WUR:CE-NL99-WUR:CE292-2	1999-11-14	130	2927.21		
WUR:CE-NL99-WUR:CE296-1	1999-11-14	80	727.45		
WUR:CE-NL99-WUR:CE296-2	1999-11-14	31	613.6		
WUR:CE-NL99-WUR:CE298-1	1999-11-14	18	472.1		
WUR:CE-NL99-WUR:CE298-2	1999-11-14	86	2457.7		
WUR:CE-NL99-WUR:CE314-1	1999-11-14	67	1977.04		
WUR:CE-NL99-WUR:CE314-2	1999-11-14	21	369.13		
WUR:CE-NL99-WUR:CE347-1	1999-11-14	93	1681.14		
WUR:CE-NL99-WUR:CE347-2	1999-11-14	65	916.47		
WUR:CE-NL99-WUR:CE350-1	1999-11-14	68	2793.8		
WUR:CE-NL99-WUR:CE350-2	1999-11-14	53	1767.9		
WUR:CE-NL99-WUR:CE386-1	1999-11-14	61	623.7		
WUR:CE-NL99-WUR:CE386-2	1999-11-14	74	1004.7		
WUR:CE-NL99-WUR:CE423-1	1999-11-14	33	1290.92		
WUR:CE-NL99-WUR:CE423-2	1999-11-14	20	576.41		
WUR:CE-NL99-WUR:CE601-1	1999-11-14	8	145.04		
WUR:CE-NL99-WUR:CE601-2	1999-11-14	67	365.56		
WUR:CE-NL99-WUR:CE602-1	1999-11-14	37	1789.14		
WUR:CE-NL99-WUR:CE602-2	1999-11-14	143	1566.95		
WUR:CE-NL99-WUR:CE603-1	1999-11-14	34	942.23		
WUR:CE-NL99-WUR:CE603-2	1999-11-14	38	1148.97		
WUR:CE-NL99-WUR:CE604-1	1999-11-14	60	1496.23		
WUR:CE-NL99-WUR:CE604-2	1999-11-14	75	1658		
WUR:CE-NL99-WUR:CE605-1	1999-11-14	25	1062.8		
WUR:CE-NL99-WUR:CE605-2	1999-11-14	22	645.3		
WUR:CE-NL99-WUR:CE606-1	1999-11-14	80	1850.54		
WUR:CE-NL99-WUR:CE606-2	1999-11-14	40	1687.38		
WUR:CE-NL99-WUR:CE607-1	1999-11-14	76	1496.43		
WUR:CE-NL99-WUR:CE607-2	1999-11-14	82	1927.1		
WUR:CE-NL99-WUR:CE608-1	1999-11-14	31	702.5		
WUR:CE-NL99-WUR:CE608-2	1999-11-14	60	1929		
WUR:CE-NL99-WUR:CE609-1	1999-11-14		32.09		
WUR:CE-NL99-WUR:CE609-2	1999-11-14		172.87		
WUR:CE-NL99-WUR:CE610-1	1999-11-14	4	63.1		
WUR:CE-NL99-WUR:CE610-2	1999-11-14	7	24.91		
WUR:CE-NL99-WUR:CE611-1	1999-11-14	29	1693.4		
WUR:CE-NL99-WUR:CE611-2	1999-11-14	41	824.89		
WUR:CE-NL99-WUR:CE612-1	1999-11-14	44	1210.72		
WUR:CE-NL99-WUR:CE612-2	1999-11-14	44	759.71		
WUR:CE-NL99-WUR:CE613-1	1999-11-14	41	1680.7		
WUR:CE-NL99-WUR:CE613-2	1999-11-14	42	1440.2		
WUR:CE-NL99-WUR:CE614-1	1999-11-14	108	1650.08		
WUR:CE-NL99-WUR:CE614-2	1999-11-14	53	1434.83		
WUR:CE-NL99-WUR:CE615-1	1999-11-14	56	1275.52		
WUR:CE-NL99-WUR:CE615-2	1999-11-14	57	1633		
WUR:CE-NL99-WUR:CE616-1	1999-11-14	215	1457.3		
WUR:CE-NL99-WUR:CE616-2	1999-11-14	84	1282.3		
WUR:CE-NL99-WUR:CE617-1	1999-11-14	73	932.43		
WUR:CE-NL99-WUR:CE617-2	1999-11-14	105	1347.32		
WUR:CE-NL99-WUR:CE619-1	1999-11-14	66	1411.1		
WUR:CE-NL99-WUR:CE619-2	1999-11-14	125	1925.41		
WUR:CE-NL99-WUR:CE620-1	1999-11-14	48	613.1		
WUR:CE-NL99-WUR:CE620-2	1999-11-14	34	623.69		
WUR:CE-NL99-WUR:CE621-1	1999-11-14	43	516.4		
WUR:CE-NL99-WUR:CE621-2	1999-11-14	125	2317.08		
WUR:CE-NL99-WUR:CE622-1	1999-11-14	67	2015		
WUR:CE-NL99-WUR:CE622-2	1999-11-14	57	1618.8		
WUR:CE-NL99-WUR:CE624-1	1999-11-14	31	1234.22		
WUR:CE-NL99-WUR:CE624-2	1999-11-14	57	2177.52		
WUR:CE-NL99-WUR:CE625-1	1999-11-14	38	1095.74		
WUR:CE-NL99-WUR:CE625-2	1999-11-14	24	545.16		
WUR:CE-NL99-WUR:CE626-1	1999-11-14	54	1534.32		
WUR:CE-NL99-WUR:CE626-2	1999-11-14	150	3155.52		
WUR:CE-NL99-WUR:CE627-1	1999-11-14	54	1064.35		
WUR:CE-NL99-WUR:CE627-2	1999-11-14	84	2117.6		
WUR:CE-NL99-WUR:CE628-1	1999-11-14	89	2212.05		
WUR:CE-NL99-WUR:CE628-2	1999-11-14	65	1934.12		
WUR:CE-NL99-WUR:CE629-1	1999-11-14	139	2421.54		
WUR:CE-NL99-WUR:CE629-2	1999-11-14	136	2337.45		
WUR:CE-NL99-WUR:CE630-1	1999-11-14	52	2767.77		
WUR:CE-NL99-WUR:CE630-2	1999-11-14	84	2865.74		
WUR:CE-NL99-WUR:CE631-1	1999-11-14	55	1954.74		
WUR:CE-NL99-WUR:CE631-2	1999-11-14	46	2075.14		
WUR:CE-NL99-WUR:CE632-1	1999-11-14	28	935.36		
WUR:CE-NL99-WUR:CE632-2	1999-11-14	70	1957.54		
WUR:CE-NL99-WUR:CE633-1	1999-11-14	48	1281.32		
WUR:CE-NL99-WUR:CE633-2	1999-11-14	57	1692.88		
WUR:CE-NL99-WUR:CE634-1	1999-11-14	30	828.6		
WUR:CE-NL99-WUR:CE634-2	1999-11-14	37	1779.8		
WUR:CE-NL99-WUR:CE635-1	1999-11-14	45	871.5		
WUR:CE-NL99-WUR:CE635-2	1999-11-14	69	868.9		
WUR:CE-NL99-WUR:CE636-1	1999-11-14	55	1980.79		
WUR:CE-NL99-WUR:CE636-2	1999-11-14	46	1575.1		
WUR:CE-NL99-WUR:CE637-1	1999-11-14	42	1833.15		
WUR:CE-NL99-WUR:CE637-2	1999-11-14	45	2628.33		
WUR:CE-NL99-WUR:CE638-1	1999-11-14	20	244.04		
WUR:CE-NL99-WUR:CE638-2	1999-11-14	45	468.11		
WUR:CE-NL99-WUR:CE639-1	1999-11-14	67	1586.2		
WUR:CE-NL99-WUR:CE639-2	1999-11-14				
WUR:CE-NL99-WUR:CE640-1	1999-11-14	44	747.11		
WUR:CE-NL99-WUR:CE640-2	1999-11-14	70	1588.1		
WUR:CE-NL99-WUR:CE641-1	1999-11-14	50	2247.52		
WUR:CE-NL99-WUR:CE641-2	1999-11-14	32	179.07		
WUR:CE-NL99-WUR:CE642-1	1999-11-14				
WUR:CE-NL99-WUR:CE642-2	1999-11-14	35	756		
WUR:CE-NL99-WUR:CE643-1	1999-11-14	54	1725.66		
WUR:CE-NL99-WUR:CE643-2	1999-11-14	24	692.79		
WUR:CE-NL99-WUR:CE644-1	1999-11-14	119	1641.39		
WUR:CE-NL99-WUR:CE644-2	1999-11-14	73	1506.53		
WUR:CE-NL99-WUR:CE645-1	1999-11-14	11	116.5		
WUR:CE-NL99-WUR:CE645-2	1999-11-14	15	198.3		
WUR:CE-NL99-WUR:CE646-1	1999-11-14	27	616.24		
WUR:CE-NL99-WUR:CE646-2	1999-11-14	29	677		
WUR:CE-NL99-WUR:CE647-1	1999-11-14	92	1576.88		
WUR:CE-NL99-WUR:CE647-2	1999-11-14	162	2316.17		
WUR:CE-NL99-WUR:CE648-1	1999-11-14	25	891.4		
WUR:CE-NL99-WUR:CE648-2	1999-11-14	61	2306.5		
WUR:CE-NL99-WUR:CE649-1	1999-11-14				
WUR:CE-NL99-WUR:CE649-2	1999-11-14	66	3723.74		
WUR:CE-NL99-WUR:CE650-1	1999-11-14	70	1297.5		
WUR:CE-NL99-WUR:CE650-2	1999-11-14	76	1906.6		
WUR:CE-NL99-WUR:CE651-1	1999-11-14	30	1320.08		
WUR:CE-NL99-WUR:CE651-2	1999-11-14	34	1438.07		
WUR:CE-NL99-WUR:CE652-1	1999-11-14	39	1303.5		
WUR:CE-NL99-WUR:CE652-2	1999-11-14	66	2215.1		
WUR:CE-NL99-WUR:CE653-1	1999-11-14				
WUR:CE-NL99-WUR:CE653-2	1999-11-14				
WUR:CE-NL99-WUR:CE654-1	1999-11-14	50	1578.28		
WUR:CE-NL99-WUR:CE654-2	1999-11-14	166	1842.66		
WUR:CE-NL99-WUR:CE655-1	1999-11-14	23	353.98		
WUR:CE-NL99-WUR:CE655-2	1999-11-14	26	370.49		
WUR:CE-NL99-WUR:CE656-1	1999-11-14	44	858.21		
WUR:CE-NL99-WUR:CE656-2	1999-11-14	48	756.87		
WUR:CE-NL99-WUR:CE657-1	1999-11-14	15	221.8		
WUR:CE-NL99-WUR:CE657-2	1999-11-14	24	1330.8		
WUR:CE-NL99-WUR:CE658-1	1999-11-14	37	1875.4		
WUR:CE-NL99-WUR:CE658-2	1999-11-14	52	1742.9		
WUR:CE-NL99-WUR:CE659-1	1999-11-14	50	867.02		
WUR:CE-NL99-WUR:CE659-2	1999-11-14	39	793.78		
WUR:CE-NL99-WUR:CE660-1	1999-11-14	135	2700.4		
WUR:CE-NL99-WUR:CE660-2	1999-11-14	78	776.94		
WUR:CE-NL99-WUR:CE661-1	1999-11-14	29	674.25		
WUR:CE-NL99-WUR:CE661-2	1999-11-14	78	2245.78		
WUR:CE-NL99-WUR:CE663-1	1999-11-14	93	1519.86		
WUR:CE-NL99-WUR:CE663-2	1999-11-14	31	1085.34		
WUR:CE-NL99-WUR:CE664-1	1999-11-14	81	1849.2		
WUR:CE-NL99-WUR:CE664-2	1999-11-14	42	1074.1		
WUR:CE-NL99-WUR:CE665-1	1999-11-14	69	847.27		
WUR:CE-NL99-WUR:CE665-2	1999-11-14	84	2122.51		
WUR:CE-NL99-WUR:CE666-1	1999-11-14	82	2212.72		
WUR:CE-NL99-WUR:CE666-2	1999-11-14	64	1604.6		
WUR:CE-NL99-WUR:CE667-1	1999-11-14	106	2509		
WUR:CE-NL99-WUR:CE667-2	1999-11-14	46	2256.87		
WUR:CE-NL99-WUR:CE668-1	1999-11-14	24	950.49		
WUR:CE-NL99-WUR:CE668-2	1999-11-14	32	757.69		
WUR:CE-NL99-WUR:CE669-1	1999-11-14	21	602.91		
WUR:CE-NL99-WUR:CE669-2	1999-11-14	89	1790.97		
WUR:CE-NL99-WUR:CE670-1	1999-11-14	29	699.91		
WUR:CE-NL99-WUR:CE670-2	1999-11-14	19	166.14		
WUR:CE-NL99-WUR:CE671-1	1999-11-14	66	374.89		
WUR:CE-NL99-WUR:CE671-2	1999-11-14	80	1459.03		
WUR:CE-NL99-WUR:CE672-1	1999-11-14	24	304		
WUR:CE-NL99-WUR:CE672-2	1999-11-14	31	571.1		
WUR:CE-NL99-WUR:CE673-1	1999-11-14	71	3539.46		
WUR:CE-NL99-WUR:CE673-2	1999-11-14	43	1510.4		
WUR:CE-NL99-WUR:CE674-1	1999-11-14	124	4033.75		
WUR:CE-NL99-WUR:CE674-2	1999-11-14	102	2822.54		
WUR:CE-NL99-WUR:CE675-1	1999-11-14	137	1863.34		
WUR:CE-NL99-WUR:CE675-2	1999-11-14	61	1596.75		
WUR:CE-NL99-WUR:CE676-1	1999-11-14				
WUR:CE-NL99-WUR:CE676-2	1999-11-14				
WUR:CE-NL99-WUR:CE677-1	1999-11-14	44	933.51		
WUR:CE-NL99-WUR:CE677-2	1999-11-14	89	1719.65		
WUR:CE-NL99-WUR:CE678-1	1999-11-14	59	978.24		
WUR:CE-NL99-WUR:CE678-2	1999-11-14	40	259.29		
WUR:CE-NL99-WUR:CE679-1	1999-11-14	20	100		
WUR:CE-NL99-WUR:CE679-2	1999-11-14	51	861		
WUR:CE-NL99-WUR:CE680-1	1999-11-14	62	2591.43		
WUR:CE-NL99-WUR:CE680-2	1999-11-14	45	1883.94		
WUR:CE-NL99-WUR:CE681-1	1999-11-14	39	894.41		
WUR:CE-NL99-WUR:CE681-2	1999-11-14	45	1560.33		
WUR:CE-NL99-WUR:CE682-1	1999-11-14	68	1687.02		
WUR:CE-NL99-WUR:CE682-2	1999-11-14	369	2750.4		
WUR:CE-NL99-WUR:CE683-1	1999-11-14	129	2469.8		
WUR:CE-NL99-WUR:CE683-2	1999-11-14	124	1553.2		
WUR:CE-NL99-WUR:CE684-1	1999-11-14	51	1298.62		
WUR:CE-NL99-WUR:CE684-2	1999-11-14	8	95.29		
WUR:CE-NL99-WUR:CE685-1	1999-11-14	57	1202.35		
WUR:CE-NL99-WUR:CE685-2	1999-11-14				
WUR:CE-NL99-WUR:CE686-1	1999-11-14	35	2110.2		
WUR:CE-NL99-WUR:CE686-2	1999-11-14	32	1898.7		
WUR:CE-NL99-WUR:CE687-1	1999-11-14	41	1330.8		
WUR:CE-NL99-WUR:CE687-2	1999-11-14	119	2429.5		
WUR:CE-NL99-WUR:CE688-1	1999-11-14	35	2324.5		
WUR:CE-NL99-WUR:CE688-2	1999-11-14	70	2703.44		
WUR:CE-NL99-WUR:CE689-1	1999-11-14	22	715.66		
WUR:CE-NL99-WUR:CE689-2	1999-11-14	19	343.22		
WUR:CE-NL99-WUR:CE690-1	1999-11-14	52	1772.3		
WUR:CE-NL99-WUR:CE690-2	1999-11-14	183	2168.9		
WUR:CE-NL99-WUR:CE691-1	1999-11-14	112	3404.56		
WUR:CE-NL99-WUR:CE691-2	1999-11-14	78	2048.48		
WUR:CE-NL99-WUR:CE692-1	1999-11-14	33	1996.45		
WUR:CE-NL99-WUR:CE692-2	1999-11-14	74	2200.96		
WUR:CE-NL99-WUR:CE693-1	1999-11-14	58	1691.75		
WUR:CE-NL99-WUR:CE693-2	1999-11-14	73	1645.9		
WUR:CE-NL99-WUR:CE694-1	1999-11-14	128	1980.41		
WUR:CE-NL99-WUR:CE694-2	1999-11-14	51	932.05		
WUR:CE-NL99-WUR:CE695-1	1999-11-14	38	654.55		
WUR:CE-NL99-WUR:CE695-2	1999-11-14				
WUR:CE-NL99-WUR:CE696-1	1999-11-14	38	1787.38		
WUR:CE-NL99-WUR:CE696-2	1999-11-14	18	891.6		
WUR:CE-NL99-WUR:CE697-1	1999-11-14	72	1425.29		
WUR:CE-NL99-WUR:CE697-2	1999-11-14	36	1160.66		
WUR:CE-NL99-WUR:CE698-1	1999-11-14	67	2166.7		
WUR:CE-NL99-WUR:CE698-2	1999-11-14	84	3382.3		
WUR:CE-NL99-WUR:CE699-1	1999-11-14	59	625.57		
WUR:CE-NL99-WUR:CE699-2	1999-11-14	119	1383.84		
WUR:CE-NL99-WUR:CE700-1	1999-11-14	48	1805.98		
WUR:CE-NL99-WUR:CE700-2	1999-11-14	67	1531.03		
WUR:CE-NL99-WUR:CE701-1	1999-11-14	11	569.11		
WUR:CE-NL99-WUR:CE701-2	1999-11-14	77	3899.18		
WUR:CE-NL99-WUR:CE702-1	1999-11-14	23	864.61		
WUR:CE-NL99-WUR:CE702-2	1999-11-14	22	961.78		
WUR:CE-NL99-WUR:CE703-1	1999-11-14	55	2387.16		
WUR:CE-NL99-WUR:CE703-2	1999-11-14	37	2057.04		
WUR:CE-NL99-WUR:CE704-1	1999-11-14				
WUR:CE-NL99-WUR:CE704-2	1999-11-14				
WUR:CE-NL99-WUR:CE706-1	1999-11-14	38	613.77		
WUR:CE-NL99-WUR:CE706-2	1999-11-14	31	534.74		
WUR:CE-NL99-WUR:CE707-1	1999-11-14	103	1861.14		
WUR:CE-NL99-WUR:CE707-2	1999-11-14	212	4220.2		
WUR:CE-NL99-WUR:CE709-1	1999-11-14	96	2893		
WUR:CE-NL99-WUR:CE709-2	1999-11-14	29	1079.6		
WUR:CE-NL99-WUR:CE710-1	1999-11-14	61	1722.07		
WUR:CE-NL99-WUR:CE710-2	1999-11-14	67	1211.84		
WUR:CE-NL99-WUR:CE711-1	1999-11-14		2148.8		
WUR:CE-NL99-WUR:CE711-2	1999-11-14	82	1893.07		
WUR:CE-NL99-WUR:CE712-1	1999-11-14	108	2039.47		
WUR:CE-NL99-WUR:CE712-2	1999-11-14	59	1595.56		
WUR:CE-NL99-WUR:CE713-1	1999-11-14	210	1503.1		
WUR:CE-NL99-WUR:CE713-2	1999-11-14	212	2530.59		
WUR:CE-NL99-WUR:CE714-1	1999-11-14	145	2586.4		
WUR:CE-NL99-WUR:CE714-2	1999-11-14				
WUR:CE-NL99-WUR:CE715-1	1999-11-14	19	1856.3		
WUR:CE-NL99-WUR:CE715-2	1999-11-14	13	679.8		
WUR:CE-NL99-WUR:CE716-1	1999-11-14	22	1117.75		
WUR:CE-NL99-WUR:CE716-2	1999-11-14	45	387.12		
WUR:CE-NL99-WUR:CE717-1	1999-11-14	36	1835.33		
WUR:CE-NL99-WUR:CE717-2	1999-11-14	38	2470.77		
WUR:CE-NL99-WUR:CE718-1	1999-11-14	59	1704.8		
WUR:CE-NL99-WUR:CE718-2	1999-11-14	35	939.71		
WUR:CE-NL99-WUR:CE719-1	1999-11-14	83	1762.93		
WUR:CE-NL99-WUR:CE719-2	1999-11-14	92	1820.59		
WUR:CE-NL99-WUR:CE720-1	1999-11-14	79	1285.6		
WUR:CE-NL99-WUR:CE720-2	1999-11-14	77	1696.5		
WUR:CE-NL99-WUR:CE721-1	1999-11-14	35	708.87		
WUR:CE-NL99-WUR:CE721-2	1999-11-14	29	587.6		
WUR:CE-NL99-WUR:CE722-1	1999-11-14	16	657		
WUR:CE-NL99-WUR:CE722-2	1999-11-14	40	645.5		
WUR:CE-NL99-WUR:CE723-1	1999-11-14	120	1600.9		
WUR:CE-NL99-WUR:CE723-2	1999-11-14	45	994.85		
WUR:CE-NL99-WUR:CE724-1	1999-11-14	41	2932.8		
WUR:CE-NL99-WUR:CE724-2	1999-11-14	48	1235		
WUR:CE-NL99-WUR:CE725-1	1999-11-14	63	1240.63		
WUR:CE-NL99-WUR:CE725-2	1999-11-14	71	1336.33		
WUR:CE-NL99-WUR:CE726-1	1999-11-14	14	230.3		
WUR:CE-NL99-WUR:CE726-2	1999-11-14	100	2229.6		
WUR:CE-NL99-WUR:CE727-1	1999-11-14	63	1318.1		
WUR:CE-NL99-WUR:CE727-2	1999-11-14	51	2228.09		
WUR:CE-NL99-WUR:CE728-1	1999-11-14	67	1323		
WUR:CE-NL99-WUR:CE728-2	1999-11-14	165	2310.2		
WUR:CE-NL99-WUR:CE729-1	1999-11-14	54	1442.5		
WUR:CE-NL99-WUR:CE729-2	1999-11-14	50	1882.7		
WUR:CE-NL99-WUR:CE730-1	1999-11-14	57	1415.77		
WUR:CE-NL99-WUR:CE730-2	1999-11-14	79	1216.23		
WUR:CE-NL99-WUR:CE732-1	1999-11-14	81	2348.78		
WUR:CE-NL99-WUR:CE732-2	1999-11-14	48	1268.41		
WUR:CE-NL99-WUR:CE733-1	1999-11-14	142	2242.08		
WUR:CE-NL99-WUR:CE733-2	1999-11-14	36	807.24		
WUR:CE-NL99-WUR:CE734-1	1999-11-14	23	729.76		
WUR:CE-NL99-WUR:CE734-2	1999-11-14	47	1364.91		
WUR:CE-NL99-WUR:CE735-1	1999-11-14	150	1109.18		
WUR:CE-NL99-WUR:CE735-2	1999-11-14	45	712.99		
WUR:CE-NL99-WUR:CE736-1	1999-11-14	182	3299.2		
WUR:CE-NL99-WUR:CE736-2	1999-11-14	154	3753.8		
WUR:CE-NL99-WUR:CE737-1	1999-11-14	263	1574.98		
WUR:CE-NL99-WUR:CE737-2	1999-11-14	207	2165.8		
WUR:CE-NL99-WUR:CE738-1	1999-11-14	97	1937.66		
WUR:CE-NL99-WUR:CE738-2	1999-11-14				
WUR:CE-NL99-WUR:CE739-1	1999-11-14	60	1642.1		
WUR:CE-NL99-WUR:CE739-2	1999-11-14	45	69.53		
WUR:CE-NL99-WUR:CE740-1	1999-11-14	51	2245.9		
WUR:CE-NL99-WUR:CE740-2	1999-11-14	44	1385.11		
WUR:CE-NL99-WUR:CE741-1	1999-11-14	25	509.3		
WUR:CE-NL99-WUR:CE741-2	1999-11-14	31	1684.6		
WUR:CE-NL99-WUR:CE742-1	1999-11-14	33	713.49		
WUR:CE-NL99-WUR:CE742-2	1999-11-14	191	2551		
WUR:CE-NL99-WUR:CE743-1	1999-11-14	80	1863.08		
WUR:CE-NL99-WUR:CE743-2	1999-11-14	68	1962.79		
WUR:CE-NL99-WUR:CE746-1	1999-11-14	6	374.94		
WUR:CE-NL99-WUR:CE746-2	1999-11-14	14	233.56		
WUR:CE-NL99-WUR:CE747-1	1999-11-14	90	658.5		
WUR:CE-NL99-WUR:CE747-2	1999-11-14	74	1026.09		
WUR:CE-NL99-WUR:CE748-1	1999-11-14	72	585.04		
WUR:CE-NL99-WUR:CE748-2	1999-11-14	23	548.24		
WUR:CE-NL99-WUR:CE749-1	1999-11-14	51	1658.99		
WUR:CE-NL99-WUR:CE749-2	1999-11-14	26	636.2		
WUR:CE-NL99-WUR:CE750-1	1999-11-14	12	557.74		
WUR:CE-NL99-WUR:CE750-2	1999-11-14	8	485.96		
WUR:CE-NL99-WUR:CE752-1	1999-11-14	92	1781.6		
WUR:CE-NL99-WUR:CE752-2	1999-11-14				
WUR:CE-NL99-WUR:CE753-1	1999-11-14	87	2044.6		
WUR:CE-NL99-WUR:CE753-2	1999-11-14	58	1494.01		
WUR:CE-NL99-WUR:CE754-1	1999-11-14	21	328.49		
WUR:CE-NL99-WUR:CE754-2	1999-11-14	26	324.91		
WUR:CE-NL99-WUR:CE755-1	1999-11-14		405.11		
WUR:CE-NL99-WUR:CE755-2	1999-11-14		184.41		
WUR:CE-NL99-WUR:CE756-1	1999-11-14	94	2082.05		
WUR:CE-NL99-WUR:CE756-2	1999-11-14	136	2019.06		
WUR:CE-NL99-WUR:CE757-1	1999-11-14	24	1086.79		
WUR:CE-NL99-WUR:CE757-2	1999-11-14	51	1513.5		
WUR:CE-NL99-WUR:CE758-1	1999-11-14				
WUR:CE-NL99-WUR:CE758-2	1999-11-14				
WUR:CE-NL99-WUR:CE759-1	1999-11-14	24	34.4		
WUR:CE-NL99-WUR:CE759-2	1999-11-14	51	484.9		
WUR:CE-NL99-WUR:CE760-1	1999-11-14	42	1197.61		
WUR:CE-NL99-WUR:CE760-2	1999-11-14	66	1516.7		
WUR:CE-NL99-WUR:CE761-1	1999-11-14	74	1993.62		
WUR:CE-NL99-WUR:CE761-2	1999-11-14	45	1503.32		
WUR:CE-NL99-WUR:CE762-1	1999-11-14	111	1489.05		
WUR:CE-NL99-WUR:CE762-2	1999-11-14	82	1203.94		
WUR:CE-NL99-WUR:CE763-1	1999-11-14	28	599.74		
WUR:CE-NL99-WUR:CE763-2	1999-11-14	27	1092.84		
WUR:CE-NL99-WUR:CE764-1	1999-11-14	50	1339.9		
WUR:CE-NL99-WUR:CE764-2	1999-11-14				
WUR:CE-NL99-WUR:CE765-1	1999-11-14	130	2902.2		
WUR:CE-NL99-WUR:CE765-2	1999-11-14	118	2840.5		
WUR:CE-NL99-WUR:CE766-1	1999-11-14	58	641.9		
WUR:CE-NL99-WUR:CE766-2	1999-11-14				
WUR:CE-NL99-WUR:CE767-1	1999-11-14	76	661.38		
WUR:CE-NL99-WUR:CE767-2	1999-11-14	58	473.02		
WUR:CE-NL99-WUR:CE768-1	1999-11-14	193	609.61		
WUR:CE-NL99-WUR:CE768-2	1999-11-14	93	916.11		
WUR:CE-NL99-WUR:CE769-1	1999-11-14	28	565.28		
WUR:CE-NL99-WUR:CE769-2	1999-11-14	28	793.87		
WUR:CE-NL99-WUR:CE770-1	1999-11-14	127	1988.9		
WUR:CE-NL99-WUR:CE770-2	1999-11-14	125	1588.14		
WUR:CE-NL99-WUR:CE772-1	1999-11-14	25	358.36		
WUR:CE-NL99-WUR:CE772-2	1999-11-14	70	758.64		
WUR:CE-NL99-WUR:CE773-1	1999-11-14	87	1725.59		
WUR:CE-NL99-WUR:CE773-2	1999-11-14	60	1603.99		
WUR:CE-NL99-WUR:CE774-1	1999-11-14	78	2494.71		
WUR:CE-NL99-WUR:CE774-2	1999-11-14	27	704.89		
WUR:CE-NL99-WUR:CE775-1	1999-11-14	116	1280.2		
WUR:CE-NL99-WUR:CE775-2	1999-11-14	91	1151.47		
WUR:CE-NL99-WUR:CE776-1	1999-11-14	96	1279.7		
WUR:CE-NL99-WUR:CE776-2	1999-11-14	79	1005.46		
WUR:CE-NL99-WUR:CE777-1	1999-11-14	166	1415.6		
WUR:CE-NL99-WUR:CE777-2	1999-11-14	188	1765.7		
WUR:CE-NL99-WUR:CE778-1	1999-11-14	56	942.07		
WUR:CE-NL99-WUR:CE778-2	1999-11-14	230	2467.11		
WUR:CE-NL99-WUR:CE779-1	1999-11-14	44	829.8		
WUR:CE-NL99-WUR:CE779-2	1999-11-14				
WUR:CE-NL99-WUR:CE780-1	1999-11-14	166	1884.4		
WUR:CE-NL99-WUR:CE780-2	1999-11-14	28	258.03		
WUR:CE-NL99-WUR:CE781-1	1999-11-14	94	2324.51		
WUR:CE-NL99-WUR:CE781-2	1999-11-14	22	199.08		
WUR:CE-NL99-WUR:CE782-1	1999-11-14				
WUR:CE-NL99-WUR:CE782-2	1999-11-14				
WUR:CE-NL99-WUR:CE783-1	1999-11-14	20	709.7		
WUR:CE-NL99-WUR:CE783-2	1999-11-14	151	2577.27		
WUR:CE-NL99-WUR:CE785-1	1999-11-14	95	1551.8		
WUR:CE-NL99-WUR:CE785-2	1999-11-14	47	1118.28		
WUR:CE-NL99-WUR:CE786-1	1999-11-14	105	1606.4		
WUR:CE-NL99-WUR:CE786-2	1999-11-14	115	2038.3		
WUR:CE-NL99-WUR:CE787-1	1999-11-14	102	2437.1		
WUR:CE-NL99-WUR:CE787-2	1999-11-14	29	642.9		
WUR:CE-NL99-WUR:CE788-1	1999-11-14	77	599.98		
WUR:CE-NL99-WUR:CE788-2	1999-11-14	128	1852.72		
WUR:CE-NL99-WUR:CE800-1	1999-11-14	170	1186.3		
WUR:CE-NL99-WUR:CE800-2	1999-11-14	565	3204.25		
WUR:CE-NL99-WUR:CE850-1	1999-11-14	145	1104.79		
WUR:CE-NL99-WUR:CE850-2	1999-11-14				
WUR:CE-NL99-WUR:C	1999-11-14			13.045	586.396
WUR:CE-NL99-WUR:E	1999-11-14			27.222	2112.245
